SCINAME,COMNAME,SVSPP
ABLENNES HIANS,FLAT NEEDLEFISH,068
ABRALIA VERANYI,RUPPELL'S ABRALIA,509
ABUDEFDUF SAXATILIS,SERGEANT MAJOR,669
ACANTHOCARPUS ALEXANDRI,GLADIATOR BOX CRAB,604
ACANTHOCYBIUM SOLANDRI,WAHOO,125
ACANTHURUS BAHIANUS,OCEAN SURGEON,740
ACANTHURUS CHIRURGUS,DOCTORFISH,741
ACANTHURUS COERULEUS,BLUE TANG,742
ACIPENSER BREVIROSTRUM,SHORTNOSE STURGEON,379
ACIPENSER OXYRHYNCHUS,ATLANTIC STURGEON,380
AETOBATIS NARINARI,SPOTTED EAGLE RAY,271
ALBULA VULPES,BONEFISH,383
ALECTIS CILIARIS,AFRICAN POMPANO,568
ALEPISAURUS FEROX,LONGNOSE LANCETFISH,440
ALEPOCEPHALIIDAE,SLICKHEAD UNCL,039
ALOPIAS SUPERCILIOSUS,BIGEYE THRESHER SHARK,926
ALOPIAS VULPINUS,THRESHER SHARK,925
ALOSA AESTIVALIS,BLUEBACK HERRING,034
ALOSA MEDIOCRIS,HICKORY SHAD,037
ALOSA PSEUDOHARENGUS,ALEWIFE,033
ALOSA SAPIDISSIMA,AMERICAN SHAD,035
ALUTERUS HEUDELOTI,DOTTEREL FILEFISH,830
ALUTERUS MONOCEROS,UNICORN FILEFISH,831
ALUTERUS SCHOEPFI,ORANGE FILEFISH,832
ALUTERUS SCRIPTUS,SCRAWLED FILEFISH,833
AMBLYRAJA RADIATA,THORNY SKATE,028
AMMODYTES AMERICANUS,AMERICAN SAND LANCE,734
AMMODYTES DUBIUS,NORTHERN SAND LANCE,181
ANARCHIAS SIMILIS,PYGMY MORAY,385
ANARHICHAS LUPUS,ATLANTIC WOLFFISH,192
ANCHOA CUBANA,CUBAN ANCHOVY,889
ANCHOA HEPSETUS,STRIPED ANCHOVY,044
ANCHOA LYOLEPIS,DUSKY ANCHOVY,859
ANCHOA MITCHILLI,BAY ANCHOVY,043
ANCHOA NASUTA,LONGNOSE ANCHOVY,890
ANCHOVIELLA PERFASCIATA,FLAT ANCHOVY,430
ANCYLOPSETTA DILECTA,THREE-EYE FLOUNDER,774
ANCYLOPSETTA QUADROCELLATA,OCELLATED FLOUNDER,775
ANGUILLA ROSTRATA,AMERICAN EEL,384
ANGUILLIFORMES,EEL UNCL,060
ANISOTREMUS VIRGINICUS,PORKFISH,626
ANTENNARIUS OCELLATUS,OCELLATED FROGFISH,445
ANTENNARIUS RADIOSUS,SINGLESPOT FROGFISH,446
ANTENNARIUS STRIATUS,STRIATED FROGFISH,447
ANTHIAS ASPERILINGUIS,CRIMSON BASS,499
ANTHIAS NICHOLSI,YELLOWFIN BASS,500
ANTIGONIA CAPROS,DEEPBODY BOARFISH,158
ANTIGONIA COMBATIA,SHORTSPINE BOARFISH,486
ANTIMORA ROSTRATA,BLUE HAKE,081
APELTES QUADRACUS,FOURSPINE STICKLEBACK,488
APOGON AUROLINEATUS,BRIDLE CARDINALFISH,888
APOGON MACULATUS,FLAMEFISH,558
APOGON PSEUDOMACULATUS,TWOSPOT CARDINALFISH,559
APOGONIDAE,CARDINALFISH UNCL,138
APTERICHTUS ANSP,ACADEMY EEL,397
APTERICHTUS KENDALLI,FINLESS EEL,398
ARCHOSARGUS PROBATOCEPHALUS,SHEEPSHEAD,631
ARCTICA ISLANDICA,OCEAN QUAHOG,409
ARCTICA ISLANDICA BROKEN,OCEAN QUAHOG BROKEN,606
ARCTICA ISLANDICA CLAPPER,OCEAN QUAHOG CLAPPER,410
ARCTOZENUS RISSOI,WHITE BARRACUDINA,246
ARENAEUS CRIBRARIUS,SPECKLED SWIMMING CRAB,518
ARGENTINA SILUS,ATLANTIC ARGENTINE,046
ARGENTINA STRIATA,STRIATED ARGENTINE,856
ARGOPECTEN GIBBUS,ATLANTIC CALICO SCALLOP,404
ARGOPECTEN IRRADIANS,BAY SCALLOP,402
ARGYROPELECUS ACULEATUS,SILVER HATCHETFISH,250
ARIOMMA BONDI,SILVER RAG,213
ARIOMMA MELANUM,BROWN DRIFTFISH,891
ARIOMMA REGULUS,SPOTTED DRIFTFISH,748
ARIOSOMA BALEARICUM,BANDTOOTH CONGER,389
ARIUS FELIS,HARDHEAD CATFISH,441
ARTEDIELLUS SP,HOOKEAR SCULPIN UNCL,159
ASPIDOPHOROIDES MONOPTERYGIUS,ALLIGATORFISH,165
ASTARTE CASTANEA,SMOOTH ASTARTE,420
ASTERIAS VULGARIS,BOREAL ASTERIAS,333
ASTROPECTEN SP,,334
ASTROSCOPUS GUTTATUS,NORTHERN STARGAZER,179
ASTROSCOPUS Y-GRAECUM,SOUTHERN STARGAZER,699
ATHERINIDAE,SILVERSIDE UNCL,423
AULOSTOMUS MACULATUS,TRUMPETFISH,119
AUXIS ROCHEI,BULLET MACKEREL,701
AUXIS THAZARD,FRIGATE MACKEREL,702
BAGRE MARINUS,GAFFTOPSAIL CATFISH,442
BAIRDIELLA CHRYSOURA,SILVER PERCH,148
BALISTES CAPRISCUS,GRAY TRIGGERFISH,202
BALISTES VETULA,QUEEN TRIGGERFISH,834
BALISTIDAE,TRIGGERFISH FILEFISH UNCL,820
BATHYGOBIUS SOPORATOR,FRILLFIN GOBY,737
BATHYNECTES LONGISPINA,BATHYAL SWIMMING CRAB,517
BATHYPOLYPUS ARCTICUS,SPOONARM OCTOPUS,512
BATHYRAJA SPINICAUDA,SPINYTAIL SKATE,371
BELLATOR BRACHYCHIR,SHORTFIN SEAROBIN,760
BELLATOR EGRETTA,STREAMER SEAROBIN,761
BELLATOR MILITARIS,HORNED SEAROBIN,762
BEMBROPS GOBIOIDES,GOBY FLATHEAD,698
BENTHODESMUS SIMONYI,SIMONYS FROSTFISH,239
BENTHOSEMA GLACIALE,GLACIER LANTERNFISH,051
BLENNIIDAE,COMBTOOTH BLENNY UNCL,733
BODIANUS PULCHELLUS,SPOTFIN HOGFISH,673
BOTHIDAE,LEFTEYE FLOUNDER UNCL,795
BOTHUS LUNATUS,PEACOCK FLOUNDER,776
BOTHUS OCELLATUS,EYED FLOUNDER,777
BOTHUS ROBINSI,TWOSPOT FLOUNDER,873
BRAMA BRAMA,ATLANTIC POMFRET,585
BREVIRAJA PLUTONIA,LONGTAIL SKATE,924
BREVOORTIA TYRANNUS,ATLANTIC MENHADEN,036
BROSME BROSME,CUSK,084
BROTULA BARBATA,BEARDED BROTULA,456
BUCCINUM UNDATUM,WAVED WHELK,344
BUSYCON CARICA,KNOBBED WHELK,337
BUSYCOTYPUS CANALICULATUS,CHANNELED WHELK,336
CALAMUS BAJONADO,JOLTHEAD PORGY,632
CALAMUS CALAMUS,SAUCEREYE PORGY,633
CALAMUS LEUCOSTEUS,WHITEBONE PORGY,634
CALAMUS NODOSUS,KNOBBED PORGY,635
CALAMUS PENNA,SHEEPSHEAD PORGY,636
CALAMUS PRORIDENS,LITTLEHEAD PORGY,637
CALAPPA FLAMMEA,FLAME BOX CRAB,328
CALAPPA SULCATA,YELLOW BOX CRAB,329
CALAPPIDAE,BOX CRAB UNCL,339
CALLECHELYS GUINIENSIS,SHORTTAIL SNAKE EEL,391
CALLINECTES SAPIDUS,BLUE CRAB,314
CALOCARIS TEMPLEMANI,,912
CANCER BOREALIS,JONAH CRAB,312
CANCER IRRORATUS,ATLANTIC ROCK CRAB,313
CANCRIDAE,CANCER CRAB UNCL,311
CANTHIDERMIS SUFFLAMEN,OCEAN TRIGGERFISH,835
CANTHIGASTER ROSTRATA,SHARPNOSE PUFFER,842
CAPROIDAE,BOARFISH UNCL,422
CARANGIDAE,JACK POMPANO UNCL,582
CARANX BARTHOLOMAEI,YELLOW JACK,569
CARANX CRYSOS,BLUE RUNNER,129
CARANX HIPPOS,CREVALLE JACK,570
CARANX LATUS,HORSE-EYE JACK,571
CARANX RUBER,BAR JACK,572
CARAPUS BERMUDENSIS,PEARLFISH,462
CARCHARHINIDAE,REQUIEM SHARK UNCL,361
CARCHARHINUS ACRONOTUS,BLACKNOSE SHARK,354
CARCHARHINUS ALTIMUS,BIGNOSE SHARK,929
CARCHARHINUS BREVIPINNA,SPINNER SHARK,931
CARCHARHINUS FALCIFORMIS,SILKY SHARK,355
CARCHARHINUS ISODON,FINETOOTH SHARK,928
CARCHARHINUS LEUCAS,BULL SHARK,356
CARCHARHINUS LIMBATUS,BLACKTIP SHARK,357
CARCHARHINUS LONGIMANUS,OCEANIC WHITETIP SHARK,930
CARCHARHINUS OBSCURUS,DUSKY SHARK,003
CARCHARHINUS PEREZII,REEF SHARK,933
CARCHARHINUS PLUMBEUS,SANDBAR SHARK,009
CARCHARHINUS POROSUS,SMALLTAIL SHARK,932
CARCHARHINUS SIGNATUS,NIGHT SHARK,934
CARCHARIAS TAURUS,SAND TIGER,012
CARCHARODON CARCHARIAS,WHITE SHARK,351
CARCINUS MAENAS,GREEN CRAB,326
CAREPROCTUS RANULA,,260
CARETTA CARETTA,LOGGERHEAD SEATURTLE,950
CAULOLATILUS CHRYSOPS,GOLDFACE TILEFISH,622
CAULOLATILUS CYANOPS,BLACKLINE TILEFISH,562
CAULOLATILUS INTERMEDIUS,ANCHOR TILEFISH,623
CAULOLATILUS MICROPS,BLUELINE TILEFISH,621
CENTROPOMUS UNDECIMALIS,COMMON SNOOK,497
CENTROPRISTIS OCYURUS,BANK SEA BASS,526
CENTROPRISTIS PHILADELPHICA,ROCK SEA BASS,527
CENTROPRISTIS STRIATA,BLACK SEA BASS,141
CENTROSCYLLIUM FABRICII,BLACK DOGFISH,007
CENTROSCYMNUS COELOLEPIS,PORTUGUESE SHARK,603
CEPHALOPODA,SQUID, CUTTLEFISH, AND OCTOPOD UNCL,501
CERATOSCOPELUS MADERENSIS,HORNED LANTERNFISH,054
CETACEA,WHALE UNCLASSIFIED,972
CETORHINUS MAXIMUS,BASKING SHARK,006
CHAETODIPTERUS FABER,ATLANTIC SPADEFISH,659
CHAETODON ACULEATUS,LONGSNOUT BUTTERFLYFISH,864
CHAETODON AYA,BANK BUTTERFLYFISH,660
CHAETODON CAPISTRATUS,FOUREYE BUTTERFLYFISH,661
CHAETODON OCELLATUS,SPOTFIN BUTTERFLYFISH,662
CHAETODON SEDENTARIUS,REEF BUTTERFLYFISH,663
CHAETODON STRIATUS,BANDED BUTTERFLYFISH,664
CHAETODONTIDAE,BUTTERFLYFISH UNCL,855
CHASCANOPSETTA LUGUBRIS,PELICAN FLOUNDER,778
CHASMODES BOSQUIANUS,STRIPED BLENNY,729
CHAULIODUS DANAE,,241
CHAULIODUS SLOANI,VIPERFISH,240
CHAUNAX STIGMAEUS,REDEYE GAPER,862
CHELONIA MYDAS,GREEN SEATURTLE,951
CHILOMYCTERUS ANTILLARUM,WEB BURRFISH,847
CHILOMYCTERUS ATINGA,SPOTTED BURRFISH,848
CHILOMYCTERUS SCHOEPFI,STRIPED BURRFISH,198
CHIONOECETES OPILIO,SNOW CRAB,325
CHLAMYS ISLANDICA,ICELAND SCALLOP,340
CHLAMYS ISLANDICA CLAPPER,ICELAND SCALLOP CLAPPER,341
CHLOROPHTHALMIDAE,GREENEYE UNCL,047
CHLOROPHTHALMUS AGASSIZI,SHORTNOSE GREENEYE,232
CHLOROPHTHALMUS SP,,231
CHLOROSCOMBRUS CHRYSURUS,ATLANTIC BUMPER,573
CHROMIS ENCHRYSURUS,YELLOWTAIL REEFFISH,670
CHROMIS INSOLATA,SUNSHINEFISH,671
CITHARICHTHYS ARCTIFRONS,GULF STREAM FLOUNDER,109
CITHARICHTHYS ARENACEUS,SAND WHIFF,779
CITHARICHTHYS CORNUTUS,HORNED WHIFF,780
CITHARICHTHYS GYMNORHINUS,ANGLEFIN WHIFF,882
CITHARICHTHYS MACROPS,SPOTTED WHIFF,781
CITHARICHTHYS SP,WHIFF UNCL,866
CITHARICHTHYS SPILOPTERUS,BAY WHIFF,782
CLEPTICUS PARRAE,CREOLE WRASSE,674
CLINIDAE,CLINID UNCL,727
CLUPEA HARENGUS,ATLANTIC HERRING,032
CLUPEIDAE,HERRING UNCL,030
CLYPEASTEROIDA,SAND DOLLAR UNCL,330
COELORHYNCHUS CARMINATUS,LONGNOSE GRENADIER,093
COLUS STIMPSONI,STIMPSON'S WHELK,346
CONGER OCEANICUS,CONGER EEL,063
CONGRIDAE,CONGER EEL UNCL,390
COOKEOLUS JAPONICUS,BULLEYE,616
CORNIGER SPINOSUS,SPINYCHEEK SOLDIERFISH,477
CORYPHAENA EQUISETIS,POMPANO DOLPHIN,583
CORYPHAENA HIPPURUS,DOLPHIN,584
COSMOCAMPUS ALBIROSTRIS,WHITENOSE PIPEFISH,491
COTTIDAE,SCULPIN UNCL,160
CRANGON SEPTEMSPINOSA,SEVENSPINE BAY SHRIMP,287
CRUSTACEA SHRIMP,SHRIMP UNCL,305
CRYPTACANTHODES MACULATUS,WRYMOUTH,191
CRYPTOTOMUS ROSEUS,BLUELIP PARROTFISH,684
CUBICEPS PAUCIRADIATUS,BIGEYE CIGARFISH,876
CYCLOCARDIA BOREALIS,NORTHERN CYCLOCARDIA,419
CYCLOPSETTA FIMBRIATA,SPOTFIN FLOUNDER,783
CYCLOPTERIDAE,LUMPFISH SNAILFISH UNCL,249
CYCLOPTERUS LUMPUS,LUMPFISH,168
CYNOSCION ARENARIUS,SAND SEATROUT,644
CYNOSCION NEBULOSUS,SPOTTED SEATROUT,645
CYNOSCION NOTHUS,SILVER SEATROUT,646
CYNOSCION REGALIS,WEAKFISH,145
CYPRINODON VARIEGATUS,SHEEPSHEAD MINNOW,472
CYPSELURUS CYANOPTERUS,MARGINED FLYINGFISH,463
CYPSELURUS FURCATUS,SPOTFIN FLYINGFISH,464
CYPSELURUS MELANURUS,ATLANTIC FLYINGFISH,465
CYRTODARIA SILIQUA,NORTHERN PROPELLER CLAM,417
CYTTOPSIS ROSEA,RED DORY,899
DACTYLOPTERUS VOLITANS,FLYING GURNARD,175
DASYATIS AMERICANA,SOUTHERN STINGRAY,029
DASYATIS CENTROURA,ROUGHTAIL STINGRAY,004
DASYATIS SABINA,ATLANTIC STINGRAY,373
DASYATIS SAY,BLUNTNOSE STINGRAY,018
DASYATIS VIOLACEA,PELAGIC STINGRAY,374
DECAPTERUS MACARELLUS,MACKEREL SCAD,208
DECAPTERUS PUNCTATUS,ROUND SCAD,211
DECODON PUELLARIS,RED HOGFISH,675
DELPHINIDAE,DOLPHIN UNCLASSIFIED,967
DELPHINUS DELPHIS,COMMON DOLPHIN,963
DERMOCHELYS CORIACEA,LEATHERBACK SEATURTLE,952
DIAPHUS DUMERILI,HEADLIGHTFISH,210
DIAPHUS SP,HEADLIGHTFISH UNCL,061
DIBRANCHUS ATLANTICUS,ATLANTIC BATFISH,199
DICHELOPANDALUS LEPTOCERUS,BRISTLED LONGBEAK,296
DIODON HOLOCANTHUS,BALLOONFISH,849
DIODON HYSTRIX,PORCUPINEFISH,850
DIPLECTRUM BIVITTATUM,DWARF SAND PERCH,529
DIPLECTRUM FORMOSUM,SAND PERCH,530
DIPLODUS ARGENTEUS,SILVER PORGY,638
DIPLODUS HOLBROOKI,SPOTTAIL PINFISH,639
DIPTURUS LAEVIS,BARNDOOR SKATE,022
DIPTURUS OLSENI,SPREADFIN SKATE,370
DORMITATOR MACULATUS,FAT SLEEPER,736
DOROSOMA CEPEDIANUM,GIZZARD SHAD,426
ECHENEIS NAUCRATES,SHARKSUCKER,564
ECHINOIDEA,SEA URCHIN AND SAND DOLLAR UNCL,331
ECHIOPHIS INTERTINCTUS,SPOTTED SPOON-NOSE EEL,394
ECHIOPHIS PUNCTIFER,SNAPPER EEL,879
ECHIOPHIS SP,SPOON-NOSE EEL UNCL,399
ELAGATIS BIPINNULATA,RAINBOW RUNNER,574
ELOPS SAURUS,LADYFISH,381
ENCHELYOPUS CIMBRIUS,FOURBEARD ROCKLING,083
ENGRAULIDAE,ANCHOVY UNCL,851
ENGRAULIS EURYSTOLE,SILVER ANCHOVY,865
ENGYOPHRYS SENTA,SPINY FLOUNDER,784
EPIGONUS PANDIONIS,,144
EPINEPHELUS ADSCENSIONIS,ROCK HIND,531
EPINEPHELUS AFER,MUTTON HAMLET,498
EPINEPHELUS DRUMMONDHAYI,SPECKLED HIND,532
EPINEPHELUS FLAVOLIMBATUS,YELLOWEDGE GROUPER,533
EPINEPHELUS GUTTATUS,RED HIND,534
EPINEPHELUS INERMIS,MARBLED GROUPER,528
EPINEPHELUS MORIO,RED GROUPER,535
EPINEPHELUS MYSTACINUS,MISTY GROUPER,863
EPINEPHELUS NIGRITUS,WARSAW GROUPER,536
EPINEPHELUS NIVEATUS,SNOWY GROUPER,537
EPINEPHELUS STRIATUS,NASSAU GROUPER,538
EQUETUS ACUMINATUS,HIGH-HAT,647
EQUETUS LANCEOLATUS,JACKKNIFE-FISH,648
EQUETUS PUNCTATUS,SPOTTED DRUM,649
EQUETUS UMBROSUS,CUBBYU,650
ERETMOCHELYS IMBRICATA,HAWKSBILL SEATURTLE,953
ETMOPTERUS GRACILISPINIS,BROADBAND DOGFISH,601
ETMOPTERUS HILLIANUS,CARIBBEAN LANTERNSHARK,602
ETMOPTERUS PRINCEPS,ROUGH SAGRE,008
ETROPUS CROSSOTUS,FRINGED FLOUNDER,785
ETROPUS MICROSTOMUS,SMALLMOUTH FLOUNDER,117
ETROPUS RIMOSUS,GRAY FLOUNDER,786
ETROPUS SP,ETROPUS UNCL,794
ETRUMEUS TERES,ROUND HERRING,031
EUALUS FABRICII,ARCTIC EUALID,291
EUCINOSTOMUS ARGENTEUS,SPOTFIN MOJARRA,872
EUCINOSTOMUS GULA,SILVER JENNY,599
EULEPTORHAMPHUS VELOX,FLYING HALFBEAK,466
EUMECICHTHYS FISKI,UNICORNFISH,487
EUMICROTREMUS SPINOSUS,ATLANTIC SPINY LUMPSUCKER,169
EUSPIRA HEROS,NORTHERN MOONSNAIL,348
EUTHYNNUS ALLETTERATUS,LITTLE TUNNY,743
EXOCOETUS OBTUSIROSTRIS,OCEANIC TWO-WING FLYINGFISH,467
FISTULARIA PETIMBA,RED CORNETFISH,489
FISTULARIA SP,CORNETFISH UNCL,490
FISTULARIA TABACARIA,BLUESPOTTED CORNETFISH,120
FOETOREPUS AGASSIZI,SPOTFIN DRAGONET,735
FUNDULUS HETEROCLITUS,MUMMICHOG,473
FUNDULUS MAJALIS,STRIPED KILLIFISH,474
GADELLA IMBERBIS,BEARDLESS CODLING,070
GADIDAE,HAKE UNCL,080
GADUS MORHUA,ATLANTIC COD,073
GAIDROPSARUS ENSIS,THREEBEARD ROCKLING,085
GALATHEIDAE,GALATHEID UNCL,319
GALEOCERDO CUVIER,TIGER SHARK,358
GASTEROSTEUS ACULEATUS,THREESPINE STICKLEBACK,115
GASTEROSTEUS WHEATLANDI,BLACKSPOTTED STICKLEBACK,901
GASTROPSETTA FRONTALIS,SHRIMP FLOUNDER,787
GEMPYLUS SERPENS,SNAKE MACKEREL,874
GEPHYROBERYX DARWINI,BIG ROUGHY,268
GERREIDAE,MOJARRA UNCL,625
GERYON AFFINIS,WHITE CRAB,309
GERYON FENNERI,GOLDEN DEEPSEA CRAB,308
GERYON QUINQUEDENS,RED DEEPSEA CRAB,310
GINGLYMOSTOMA CIRRATUM,NURSE SHARK,350
GLOBICEPHALA SP,PILOT WHALE UNCLASSIFIED,973
GLOSSANODON PYGMAEUS,PYGMY ARGENTINE,892
GLYPTOCEPHALUS CYNOGLOSSUS,WITCH FLOUNDER,107
GOBIESOX STRUMOSUS,SKILLETFISH,881
GOBIIDAE,GOBY UNCL,739
GOBIOSOMA BOSC,NAKED GOBY,738
GONICHTHYS COCCOI,,059
GONOSTOMA ATLANTICUM,,234
GONOSTOMA BATHYPHILUM,,233
GONOSTOMA ELONGATUM,LONGTOOTH ANGLEMOUTH,235
GONOSTOMATIDAE,LIGHTFISH UNCL,887
GRAMMATIDAE,BASSLET UNCL,618
GYMNACHIRUS MELAS,NAKED SOLE,796
GYMNOTHORAX MORINGA,SPOTTED MORAY,386
GYMNOTHORAX NIGROMARGINATUS,BLACKEDGE MORAY,387
GYMNOTHORAX SAXICOLA,HONEYCOMB MORAY,870
GYMNURA ALTAVELA,SPINY BUTTERFLY RAY,375
GYMNURA MICRURA,SMOOTH BUTTERFLY RAY,376
HAEMULIDAE,GRUNT UNCL,630
HAEMULON AUROLINEATUM,TOMTATE,627
HAEMULON CARBONARIUM,CAESAR GRUNT,628
HAEMULON PLUMIERI,WHITE GRUNT,629
HAEMULON STRIATUM,STRIPED GRUNT,878
HALICHOERES BATHYPHILUS,GREENBAND WRASSE,676
HALICHOERES BIVITTATUS,SLIPPERY DICK,677
HALICHOERES CAUDALIS,PAINTED WRASSE,678
HALICHOERES POEYI,BLACKEAR WRASSE,679
HALICHOERES RADIATUS,PUDDINGWIFE,680
HALICHOERUS GRYPUS,GRAY SEAL,970
HALIEUTICHTHYS ACULEATUS,PANCAKE BATFISH,449
HARENGULA JAGUANA,SCALED SARDINE,875
HELICOLENUS DACTYLOPTERUS,BLACKBELLY ROSEFISH,156
HELICOLENUS MADERENSIS,,157
HEMANTHIAS AUREORUBENS,STREAMER BASS,546
HEMANTHIAS VIVANUS,RED BARBIER,539
HEMICARANX AMBLYRHYNCHUS,BLUNTNOSE JACK,575
HEMIPTERONOTUS NOVACULA,PEARLY RAZORFISH,681
HEMIRAMPHUS BRASILIENSIS,BALLYHOO,468
HEMITRIPTERUS AMERICANUS,SEA RAVEN,164
HEPATUS EPHELITICUS,CALICO BOX CRAB,327
HIPPOCAMPUS ERECTUS,LINED SEAHORSE,492
HIPPOCAMPUS REIDI,LONGSNOUT SEAHORSE,493
HIPPOGLOSSOIDES PLATESSOIDES,AMERICAN PLAICE,102
HIPPOGLOSSUS HIPPOGLOSSUS,ATLANTIC HALIBUT,101
HIRUNDICHTHYS AFFINIS,FOURWING FLYINGFISH,469
HISTRIO HISTRIO,SARGASSUMFISH,448
HOLACANTHUS BERMUDENSIS,BLUE ANGELFISH,665
HOLACANTHUS CILIARIS,QUEEN ANGELFISH,666
HOLACANTHUS TRICOLOR,ROCK BEAUTY,667
HOLANTHIAS MARTINICENSIS,ROUGHTONGUE BASS,544
HOLOCENTRIDAE,SQUIRRELFISH UNCL,485
HOLOCENTRUS ADSCENSIONIS,SQUIRRELFISH,478
HOLOCENTRUS RUFUS,LONGSPINE SQUIRRELFISH,480
HOMARUS AMERICANUS,AMERICAN LOBSTER,301
HOPLOSTETHUS MEDITERRANEUS,BLACKMOUTHED ALFONSIN,261
HOPLOSTETHUS OCCIDENTALIS,,266
HOWELLA SHERBORNI,SHERBORN'S CARDINALFISH,150
HYGOPHUM TAANINGI,,057
HYPEROGLYPHE PERCIFORMIS,BARRELFISH,207
HYPLEUROCHILUS GEMINATUS,CRESTED BLENNY,730
HYPORHAMPHUS UNIFASCIATUS,SILVERSTRIPE HALFBEAK,066
HYPSOBLENNIUS HENTZ,FEATHER BLENNY,731
HYPSOBLENNIUS IONTHAS,FRECKLED BLENNY,732
ILLEX ILLECEBROSUS,NORTHERN SHORTFIN SQUID,502
ILLEX ILLECEBROSUS EGG MOPS,NORTHERN SHORTFIN SQUID EGG MOPS,519
ISTIOPHORUS PLATYPTERUS,SAILFISH,939
ISURUS OXYRINCHUS,SHORTFIN MAKO,352
ISURUS PAUCUS,LONGFIN MAKO,927
JENKINSIA LAMPROTAENIA,DWARF HERRING,427
KATHETOSTOMA ALBIGUTTA,LANCER STARGAZER,726
KATSUWONUS PELAMIS,SKIPJACK TUNA,128
KYPHOSUS SECTATRIX,BERMUDA CHUB,658
LABRIDAE,WRASSE UNCL,683
LACHNOLAIMUS MAXIMUS,HOGFISH,682
LACTOPHRYS BICAUDALIS,SPOTTED TRUNKFISH,837
LACTOPHRYS POLYGONIA,HONEYCOMB COWFISH,838
LACTOPHRYS QUADRICORNIS,SCRAWLED COWFISH,839
LACTOPHRYS TRIGONUS,TRUNKFISH,840
LACTOPHRYS TRIQUETER,SMOOTH TRUNKFISH,841
LAEMONEMA BARBATULUM,,867
LAGENORHYNCHUS ACUTUS,WHITESIDED DOLPHIN,966
LAGOCEPHALUS LAEVIGATUS,SMOOTH PUFFER,195
LAGODON RHOMBOIDES,PINFISH,640
LAMNA NASUS,PORBEAGLE SHARK,353
LAMPANYCTUS SP,MADEIRA LANTERNFISH,052
LARIMUS FASCIATUS,BANDED DRUM,651
LEBBEUS GROENLANDICUS,SPINY LEBBEID,293
LEBBEUS POLARIS,POLAR LEBBEID,294
LEIOSTOMUS XANTHURUS,SPOT,149
LEPIDOCHELYS KEMPI,KEMP'S RIDLEY SEATURTLE,954
LEPIDOCYBIUM FLAVOBRUNNEUM,ESCOLAR,824
LEPOPHIDIUM JEANNAE,MOTTLED CUSK-EEL,457
LEPOPHIDIUM PROFUNDORUM,FAWN CUSK-EEL,194
LEPTASTERIAS TENERA,,962
LETHARCHUS VELIFER,SAILFIN EEL,392
LEUCORAJA ERINACEA,LITTLE SKATE,026
LEUCORAJA GARMANI,ROSETTE SKATE,025
LEUCORAJA OCELLATA,WINTER SKATE,023
LIMANDA FERRUGINEA,YELLOWTAIL FLOUNDER,105
LIMULUS POLYPHEMUS,HORSESHOE CRAB,318
LIPARIS ATLANTICUS,ATLANTIC SEASNAIL,170
LIPARIS INQUILINUS,INQUILINE SNAILFISH,167
LITHODES MAJA,NORTHERN STONE CRAB,324
LOBOTES SURINAMENSIS,TRIPLETAIL,598
LOLIGO PEALEII,LONGFIN SQUID,503
LOLIGO PEALEII EGG MOPS,LONGFIN SQUID EGG MOPS,520
LOLIGO PLEII,ARROW SQUID,505
LOLLIGUNCULA BREVIS,ATLANTIC BRIEF SQUID,504
LOPHIIFORMES,LOPHIIFORM UNCL,900
LOPHIUS AMERICANUS,GOOSEFISH,197
LOPHIUS GASTROPHYSUS,BLACKFIN GOOSEFISH,897
LOPHOLATILUS CHAMAELEONTICEPS,TILEFISH,151
LUMPENUS LUMPRETAEFORMIS,SNAKEBLENNY,182
LUMPENUS MACULATUS,DAUBED SHANNY,183
LUTJANIDAE,SNAPPER UNCL,597
LUTJANUS ANALIS,MUTTON SNAPPER,586
LUTJANUS APODUS,SCHOOLMASTER,587
LUTJANUS BUCCANELLA,BLACKFIN SNAPPER,588
LUTJANUS CAMPECHANUS,RED SNAPPER,589
LUTJANUS GRISEUS,GRAY SNAPPER,590
LUTJANUS JOCU,DOG SNAPPER,591
LUTJANUS SYNAGRIS,LANE SNAPPER,592
LUTJANUS VIVANUS,SILK SNAPPER,593
LYCENCHELYS VERRILLI,WOLF EELPOUT,190
LYCODES RETICULATUS,ARCTIC EELPOUT,189
MACRORHAMPHOSUS SCOLOPAX,LONGSPINE SNIPEFISH,111
MACROURIDAE,GRENADIER UNCL,090
MACROURUS BERGLAX,ROUGHHEAD GRENADIER,092
MACROZOARCES AMERICANUS,OCEAN POUT,193
MACTROMERIS POLYNYMA,ARCTIC SURFCLAM,407
MACTROMERIS POLYNYMA CLAPPER,ARCTIC SURFCLAM CLAPPER,408
MAJIDAE,SPIDER CRAB UNCL,317
MAKAIRA INDICA,BLACK MARLIN,940
MAKAIRA NIGRICANS,BLUE MARLIN,707
MALACANTHUS PLUMIERI,SAND TILEFISH,624
MALACOCEPHALUS OCCIDENTALIS,WESTERN SOFTHEAD GRENADIER,280
MALACORAJA SENTA,SMOOTH SKATE,027
MALLOTUS VILLOSUS,CAPELIN,038
MANTA BIROSTRIS,MANTA,272
MAUROLICUS WEITZMANI,WEITZMANS PEARLSIDES,229
MEGALOPS ATLANTICUS,TARPON,382
MELANOGRAMMUS AEGLEFINUS,HADDOCK,074
MELANOSTIGMA ATLANTICUM,ATLANTIC SOFT POUT,262
MEMBRAS MARTINICA,ROUGH SILVERSIDE,475
MENIDIA BERYLLINA,TIDEWATER SILVERSIDE,476
MENIDIA MENIDIA,ATLANTIC SILVERSIDE,113
MENTICIRRHUS AMERICANUS,SOUTHERN KINGFISH,652
MENTICIRRHUS LITTORALIS,GULF KINGFISH,653
MENTICIRRHUS SAXATILIS,NORTHERN KINGFISH,146
MERCENARIA CAMPECHIENSIS,SOUTHERN QUAHOG,411
MERCENARIA CAMPECHIENSIS BROKEN,SOUTHERN QUAHOG BROKEN,607
MERCENARIA CAMPECHIENSIS CLAPPER,SOUTHERN QUAHOG CLAPPER,412
MERCENARIA MERCENARIA,NORTHERN QUAHOG,413
MERCENARIA MERCENARIA CLAPPER,NORTHERN QUAHOG CLAPPER,414
MERLUCCIUS ALBIDUS,OFFSHORE HAKE,069
MERLUCCIUS BILINEARIS,SILVER HAKE,072
MERLUCCIUS SP,WHITING UNCL,086
MICROGADUS TOMCOD,ATLANTIC TOMCOD,453
MICROPOGONIAS UNDULATUS,ATLANTIC CROAKER,136
MODIOLUS MODIOLUS,NORTHERN HORSEMUSSEL,342
MOLA MOLA,OCEAN SUNFISH,265
MONACANTHUS CILIATUS,FRINGED FILEFISH,836
MONACANTHUS HISPIDUS,PLANEHEAD FILEFISH,201
MONOLENE SESSILICAUDA,DEEPWATER FLOUNDER,110
MORIDAE,MORA UNCL,088
MORONE AMERICANA,WHITE PERCH,140
MORONE SAXATILIS,STRIPED BASS,139
MUGIL CEPHALUS,STRIPED MULLET,689
MUGIL CUREMA,WHITE MULLET,690
MUGIL GYRANS,FANTAIL MULLET,692
MUGIL LIZA,LIZA,691
MULLUS AURATUS,RED GOATFISH,187
MURAENIDAE,MORAY UNCL,388
MUSTELUS CANIS,SMOOTH DOGFISH,013
MUSTELUS NORRISI,FLORIDA SMOOTHHOUND,935
MYCTEROPERCA BONACI,BLACK GROUPER,540
MYCTEROPERCA INTERSTITIALIS,YELLOWMOUTH GROUPER,524
MYCTEROPERCA MICROLEPIS,GAG,541
MYCTEROPERCA PHENAX,SCAMP,542
MYCTEROPERCA VENENOSA,YELLOWFIN GROUPER,543
MYCTOPHIDAE,LANTERNFISH UNCL,056
MYCTOPHUM HUMBOLDTI,HUMBOLDTS LANTERNFISH,053
MYCTOPHUM PUNCTATUM,SPOTTED LANTERNFISH,055
MYLIOBATIS FREMINVILLEI,BULLNOSE RAY,019
MYLIOBATIS GOODEI,SOUTHERN EAGLE RAY,378
MYOXOCEPHALUS AENAEUS,GRUBBY,166
MYOXOCEPHALUS OCTODECEMSPINOSUS,LONGHORN SCULPIN,163
MYOXOCEPHALUS QUADRICORNIS,FOURHORN SCULPIN,772
MYOXOCEPHALUS SCORPIUS,SHORTHORN SCULPIN,162
MYRIPRISTIS JACOBUS,BLACKBAR SOLDIERFISH,482
MYROPHIS PUNCTATUS,SPECKLED WORM EEL,393
MYTILUS EDULIS,BLUE MUSSEL,343
MYXINE GLUTINOSA,ATLANTIC HAGFISH,001
NARCINE BRASILIENSIS,LESSER ELECTRIC RAY,367
NASSARIUS SP,,347
NATICIDAE,MOON SNAIL, SHARK EYE, AND BABY-EAR UNCL,338
NAUCRATES DUCTOR,PILOTFISH,576
NEGAPRION BREVIROSTRIS,LEMON SHARK,359
NEMICHTHYS SCOLOPACEUS,SLENDER SNIPE EEL,067
NEOMERINTHE HEMINGWAYI,SPINYCHEEK SCORPIONFISH,751
NEPTUNEA DECEMCOSTATA,TEN-RIDGED WHELK,345
NESIARCHUS NASUTUS,BLACK GEMFISH,227
NEVERITA DUPLICATA,SHARK EYE,349
NEZUMIA BAIRDI,MARLIN-SPIKE,091
NICHOLSINA USTA,EMERALD PARROTFISH,685
NO FISH BUT GOOD TOW,WATER HAUL,300
NOTOSCOPELUS RESPLENDENS,PATCHWORK LAMPFISH,058
OCTOPODA,OCTOPUS UNCL,510
OCTOPUS VULGARIS,COMMON OCTOPUS,511
OCYURUS CHRYSURUS,YELLOWTAIL SNAPPER,594
OGCOCEPHALIDAE,BATFISH UNCL,452
OGCOCEPHALUS CORNIGER,LONGNOSE BATFISH,206
OGCOCEPHALUS NASUTUS,SHORTNOSE BATFISH,450
OGCOCEPHALUS PARVUS,ROUGHBACK BATFISH,451
OGCOCEPHALUS RADIATUS,POLKA-DOT BATFISH,883
OLIGOPLITES SAURUS,LEATHERJACK,577
ONCORHYNCHUS MYKISS,RAINBOW TROUT,431
OPHICHTHIDAE,SNAKE EEL UNCL,425
OPHICHTHUS CRUENTIFER,MARGINED SNAKE EEL,065
OPHICHTHUS GOMESI,SHRIMP EEL,395
OPHICHTHUS PUNCTICEPS,PALESPOTTED EEL,396
OPHIDIIDAE,CUSK-EEL UNCL,461
OPHIDION BEANI,LONGNOSE CUSK-EEL,868
OPHIDION GRAYI,BLOTCHED CUSK-EEL,458
OPHIDION HOLBROOKI,BANK CUSK-EEL,459
OPHIDION MARGINATUM,STRIPED CUSK-EEL,188
OPHIDION SELENOPS,MOONEYE CUSK-EEL,869
OPHIDION WELSHI,CRESTED CUSK-EEL,460
OPISTHONEMA OGLINUM,ATLANTIC THREAD HERRING,428
OPISTOGNATHUS LONCHURUS,MOUSTACHE JAWFISH,696
OPISTOGNATHUS MAXILLOSUS,MOTTLED JAWFISH,697
OPSANUS PARDUS,LEOPARD TOADFISH,443
OPSANUS TAU,OYSTER TOADFISH,185
ORTHOPRISTIS CHRYSOPTERA,PIGFISH,142
OSMERUS MORDAX,RAINBOW SMELT,045
OSTICHTHYS TRACHYPOMA,BIGEYE SOLDIERFISH,483
OTOPHIDIUM OMOSTIGMUM,POLKA-DOT CUSK-EEL,186
OVALIPES OCELLATUS,LADY CRAB,322
OVALIPES SP,CALICO CRAB UNCL,315
OVALIPES STEPHENSONI,COARSEHAND LADY CRAB,321
PAGRUS SEDECIM,RED PORGY,641
PAGUROIDEA,HERMIT CRAB UNCL,335
PANDALIS BOREALIS,NORTHERN SHRIMP FEMALE II,957
PANDALIS BOREALIS,NORTHERN SHRIMP NON SPAWN,960
PANDALIS BOREALIS,NORTHERN SHRIMP OVIGEROUS,959
PANDALIS BOREALIS,NORTHERN SHRIMP TRANSITIONAL,958
PANDALIS BOREALIS,NORTHERN SHRIMP FEMALE I,956
PANDALIS BOREALIS,NORTHERN SHRIMP UNSTAGED,961
PANDALIS BOREALIS,NORTHERN SHRIMP MALE,955
PANDALUS BOREALIS,NORTHERN SHRIMP,306
PANDALUS MONTAGUI,AESOP SHRIMP,297
PANDALUS PROPINQUUS,,298
PANULIRUS ARGUS,CARIBBEAN SPINY LOBSTER,304
PARABLENNIUS MARMOREUS,SEAWEED BLENNY,728
PARAHOLLARDIA LINEATA,JAMBEAU,829
PARALEPIDAE,BARRACUDINA UNCL,896
PARALEPIS COREGONOIDES,,245
PARALICHTHYS ALBIGUTTA,GULF FLOUNDER,788
PARALICHTHYS DENTATUS,SUMMER FLOUNDER,103
PARALICHTHYS LETHOSTIGMA,SOUTHERN FLOUNDER,789
PARALICHTHYS OBLONGUS,FOURSPOT FLOUNDER,104
PARALICHTHYS SP,PARALICHTHYS UNCL,853
PARALICHTHYS SQUAMILENTUS,BROAD FLOUNDER,790
PARANTHIAS FURCIFER,CREOLE-FISH,545
PARASUDIS TRUCULENTA,LONGNOSE GREENEYE,242
PASIPHAEA MULTIDENTATA,PINK GLASS SHRIMP,292
PENAEUS AZTECUS,BROWN SHRIMP,913
PENAEUS DUORARUM,PINK SHRIMP,914
PENAEUS SETIFERUS,WHITE SHRIMP,915
PENAEUS SP,SHRIMP (PINK,BROWN,WHITE),307
PEPRILUS ALEPIDOTUS,HARVESTFISH,749
PEPRILUS TRIACANTHUS,BUTTERFISH,131
PERISTEDION GRACILE,SLENDER SEAROBIN,763
PERISTEDION MINIATUM,ARMORED SEAROBIN,173
PETROMYZON MARINUS,SEA LAMPREY,002
PHOCA VITULINA CONCOLOR,HARBOR SEAL,969
PHOCIDAE,SEAL UNCLASSIFIED,971
PHOCOENA PHOCOENA,HARBOR PORPOISE,964
PHOCOENIDAE/DELPHINIDAE,PORPOISE/DOLPHIN UNCLASSIFIED,968
PHOLIS GUNNELLUS,ROCK GUNNEL,180
PHYSICULUS FULVUS,METALLIC CODLING,082
PITAR MORRHUANUS,FALSE QUAHOG,415
PLACOPECTEN MAGELLANICUS,SEA SCALLOP,401
PLACOPECTEN MAGELLANICUS CLAPPER,SEA SCALLOP CLAPPER,400
PLECTRYPOPS RETROSPINIS,CARDINAL SOLDIERFISH,484
PLEOTICUS ROBUSTUS,ROYAL RED SHRIMP,910
PLESIOPENAEUS EDWARDSIANUS,SCARLET GAMBA SHRIMP,911
PLEURONECTIDAE,RIGHTEYE FLOUNDER UNCL,773
PLEURONECTIFORMES,FLOUNDER UNCL,100
POECILOPSETTA BEANI,DEEPWATER DAB,098
POGONIAS CROMIS,BLACK DRUM,147
POLLACHIUS VIRENS,POLLOCK,075
POLYIPNUS CLARUS,,251
POLYMETME THAEOCORYLA,,237
POLYMIXIA LOWEI,BEARDFISH,263
POLYMIXIA NOBILIS,STOUT BEARDFISH,264
POMACANTHUS ARCUATUS,GRAY ANGELFISH,668
POMACENTRIDAE,DAMSELFISH UNCL,619
POMACENTRUS LEUCOSTICTUS,BEAUGREGORY,672
POMACENTRUS VARIABILIS,COCOA DAMSELFISH,854
POMATOMUS SALTATRIX,BLUEFISH,135
PONTINUS LONGISPINIS,LONGSPINE SCORPIONFISH,154
PONTINUS RATHBUNI,HIGHFIN SCORPIONFISH,752
PONTOPHILUS NORVEGICUS,NORWEGIAN SHRIMP,299
PORICHTHYS PLECTRODON,ATLANTIC MIDSHIPMAN,444
PORTUNIDAE,SWIMMING CRAB UNCL,320
PORTUNUS SPINIMANUS,BLOTCHED SWIMMING CRAB,516
PRIACANTHUS ARENATUS,BIGEYE,134
PRIACANTHUS CRUENTATUS,GLASSEYE SNAPPER,556
PRIONACE GLAUCA,BLUE SHARK,017
PRIONOTUS ALATUS,SPINY SEAROBIN,764
PRIONOTUS CAROLINUS,NORTHERN SEAROBIN,171
PRIONOTUS EVOLANS,STRIPED SEAROBIN,172
PRIONOTUS LONGISPINOSUS,BIGEYE SEAROBIN,767
PRIONOTUS OPHRYAS,BANDTAIL SEAROBIN,765
PRIONOTUS PARALATUS,MEXICAN SEAROBIN,274
PRIONOTUS ROSEUS,BLUESPOTTED SEAROBIN,766
PRIONOTUS RUBIO,BLACKWING SEAROBIN,768
PRIONOTUS SCITULUS,LEOPARD SEAROBIN,769
PRIONOTUS STEARNSI,SHORTWING SEAROBIN,871
PRIONOTUS TRIBULUS,BIGHEAD SEAROBIN,770
PRISTIGENYS ALTA,SHORT BIGEYE,557
PRISTIPOMOIDES AQUILONARIS,WENCHMAN,595
PROGNICHTHYS GIBBIFRONS,BLUNTNOSE FLYINGFISH,470
PROMETHICHTHYS PROMETHEUS,CONEJO,127
PSEUDOPLEURONECTES AMERICANUS,WINTER FLOUNDER,106
PSEUDUPENEUS MACULATUS,SPOTTED GOATFISH,656
PUNGITIUS PUNGITIUS,NINESPINE STICKLEBACK,902
RACHYCENTRON CANADUM,COBIA,563
RAJA ACKLEYI,OCELLATE SKATE,368
RAJA EGLANTERIA,CLEARNOSE SKATE,024
RAJA SP,SKATE UNCL,020
RAJA TEXANA,ROUNDEL SKATE,372
RAJIFORMES,RAY AND SKATE UNCL,005
REINHARDTIUS HIPPOGLOSSOIDES,GREENLAND HALIBUT,099
REMORA BRACHYPTERA,SPEARFISH REMORA,565
REMORA OSTEOCHIR,MARLINSUCKER,566
REMORA REMORA,REMORA,567
RHINOBATOS LENTIGINOSUS,ATLANTIC GUITARFISH,200
RHINOPTERA BONASUS,COWNOSE RAY,270
RHIZOPRIONODON TERRAENOVAE,ATLANTIC SHARPNOSE SHARK,360
RHOMBOPLITES AURORUBENS,VERMILION SNAPPER,596
ROSSIA MEGAPTERA,VERRILL'S BOBTAIL,514
ROSSIA PALPEBROSA,OWEN'S BOBTAIL,515
RUVETTUS PRETIOSUS,OILFISH,823
RYPTICUS BISTRISPINUS,FRECKLED SOAPFISH,555
RYPTICUS SUBBIFRENATUS,SPOTTED SOAPFISH,895
SALMO SALAR,ATLANTIC SALMON,894
SALMO TRUTTA,BROWN TROUT,432
SARDA ORIENTALIS,STRIPED BONITO,938
SARDA SARDA,ATLANTIC BONITO,123
SARDINELLA AURITA,SPANISH SARDINE,429
SARGOCENTRON BULLISI,DEEPWATER SQUIRRELFISH,479
SARGOCENTRON VEXILLARIUS,DUSKY SQUIRRELFISH,481
SAURIDA BRASILIENSIS,LARGESCALE LIZARDFISH,433
SAURIDA NORMANI,SHORTJAW LIZARDFISH,434
SCAEURGUS UNICIRRHUS,UNICORN OCTOPUS,513
SCARIDAE,PARROTFISH UNCL,688
SCARUS COERULEUS,BLUE PARROTFISH,686
SCHULTZEA BETA,SCHOOL BASS,523
SCIAENIDAE,DRUM UNCL,858
SCIAENOPS OCELLATUS,RED DRUM,654
SCOMBER JAPONICUS,CHUB MACKEREL,124
SCOMBER SCOMBRUS,ATLANTIC MACKEREL,121
SCOMBERESOX SAURUS,ATLANTIC SAURY,205
SCOMBEROMORUS CAVALLA,KING MACKEREL,744
SCOMBEROMORUS MACULATUS,SPANISH MACKEREL,745
SCOMBEROMORUS REGALIS,CERO,746
SCOMBRIDAE,MACKEREL AND TUNA UNCL,860
SCOPHTHALMUS AQUOSUS,WINDOWPANE,108
SCORPAENA AGASSIZI,LONGFIN SCORPIONFISH,753
SCORPAENA BRASILIENSIS,BARBFISH,754
SCORPAENA CALCARATA,SMOOTHHEAD SCORPIONFISH,755
SCORPAENA DISPAR,HUNCHBACK SCORPIONFISH,756
SCORPAENA GRANDICORNIS,PLUMED SCORPIONFISH,757
SCORPAENA PLUMIERI,SPOTTED SCORPIONFISH,758
SCORPAENIDAE,SCORPIONFISH AND ROCKFISH UNCL,759
SCYLIORHINUS RETIFER,CHAIN DOGFISH,014
SCYLLARIDES AEQUINOCTIALIS,SPANISH SLIPPER LOBSTER,303
SCYLLARIDES NODIFER,RIDGED SLIPPER LOBSTER,302
SEBASTES FASCIATUS,ACADIAN REDFISH,155
SELACHIMORPHA,SHARK UNCL,011
SELAR CRUMENOPHTHALMUS,BIGEYE SCAD,209
SELENE SETAPINNIS,ATLANTIC MOONFISH,132
SELENE VOMER,LOOKDOWN,133
SEMIROSSIA TENERA,LESSER SHINING BOBTAIL,507
SEPIOLIDAE,BOBTAIL UNCL,506
SERIOLA DUMERILI,GREATER AMBERJACK,203
SERIOLA FASCIATA,LESSER AMBERJACK,877
SERIOLA RIVOLIANA,ALMACO JACK,578
SERIOLA ZONATA,BANDED RUDDERFISH,204
SERRANICULUS PUMILIO,PYGMY SEA BASS,547
SERRANIDAE,SEA BASS UNCL,554
SERRANUS ANNULARIS,ORANGEBACK BASS,548
SERRANUS ATROBRANCHUS,BLACKEAR BASS,549
SERRANUS BALDWINI,LANTERN BASS,550
SERRANUS NOTOSPILUS,SADDLE BASS,551
SERRANUS PHOEBE,TATTLER,552
SERRANUS SUBLIGARIUS,BELTED SANDFISH,553
SERRIPES GROENLANDICUS,GREENLAND COCKLE,418
SICYONIA BREVIROSTRIS,BROWN ROCK SHRIMP,316
SIMENCHELYS PARASITICUS,SNUBNOSE EEL,064
SOLENIDAE,RAZOR AND JACKKNIFE CLAM UNCL,416
SPARIDAE,PORGY AND PINFISH UNCL,643
SPARISOMA RADIANS,BUCKTOOTH PARROTFISH,687
SPHOEROIDES DORSALIS,MARBLED PUFFER,843
SPHOEROIDES MACULATUS,NORTHERN PUFFER,196
SPHOEROIDES NEPHELUS,SOUTHERN PUFFER,844
SPHOEROIDES PACHYGASTER,BLUNTHEAD PUFFER,880
SPHOEROIDES SPENGLERI,BANDTAIL PUFFER,845
SPHOEROIDES TESTUDINEUS,CHECKERED PUFFER,846
SPHYRAENA BARRACUDA,GREAT BARRACUDA,693
SPHYRAENA BOREALIS,NORTHERN SENNET,694
SPHYRAENA GUACHANCHO,GUAGUANCHE,695
SPHYRAENA SP,BARRACUDA UNCL,620
SPHYRNA LEWINI,SCALLOPED HAMMERHEAD SHARK,362
SPHYRNA MEDIA,SCOOPHEAD SHARK,937
SPHYRNA MOKARRAN,GREAT HAMMERHEAD SHARK,363
SPHYRNA TIBURO,BONNETHEAD SHARK,364
SPHYRNA TUDES,SMALLEYE HAMMERHEAD SHARK,365
SPHYRNA ZYGAENA,SMOOTH HAMMERHEAD SHARK,366
SPIRONTOCARIS LILJEBORGII,FRIENDLY BLADE SHRIMP,295
SPIRONTOCARIS PHIPPSII,PUNCTATE BLADE SHRIMP,285
SPIRONTOCARIS SPINUS,PARROT SHRIMP,286
SPISULA SOLIDISSIMA,ATLANTIC SURFCLAM,403
SPISULA SOLIDISSIMA BROKEN,ATLANTIC SURFCLAM BROKEN,605
SPISULA SOLIDISSIMA CLAPPER,ATLANTIC SURFCLAM CLAPPER,406
SQUALIDAE,,600
SQUALUS ACANTHIAS,SPINY DOGFISH,015
SQUATINA DUMERIL,ATLANTIC ANGEL SHARK,016
STELLEROIDEA,SEA STAR, BRITTLE STAR, AND BASKETSTAR UNCL,332
STELLIFER LANCEOLATUS,STAR DRUM,655
STENOTOMUS CAPRINUS,SCUP,642
STENOTOMUS CHRYSOPS,SCUP,143
STERNOPTYCHIDAE,HATCHETFISH UNCL,252
STOLOTEUTHIS LEUCOPTERA,SHIELD BOBTAIL,508
STOMATOPODA,MANTIS SHRIMP UNCL,323
STOMIAS BOA,BOA DRAGONFISH,228
STOMIIDAE,SCALY DRAGONFISH UNCL,248
STROMATEIDAE,BUTTERFISH UNCL,750
STRONGYLURA MARINA,ATLANTIC NEEDLEFISH,471
SYACIUM GUNTERI,SHOAL FLOUNDER,791
SYACIUM MICRURUM,CHANNEL FLOUNDER,792
SYACIUM PAPILLOSUM,DUSKY FLOUNDER,793
SYMPHURUS CIVITATUS,OFFSHORE TONGUEFISH,797
SYMPHURUS DIOMEDIANUS,SPOTTEDFIN TONGUEFISH,798
SYMPHURUS MARGINATUS,SLENDER TONGUEFISH,821
SYMPHURUS MINOR,LARGESCALE TONGUEFISH,799
SYMPHURUS PLAGIUSA,BLACKCHEEK TONGUEFISH,825
SYMPHURUS PUSILLUS,NORTHERN TONGUEFISH,826
SYMPHURUS SP,TONGUEFISH UNCL,221
SYMPHURUS UROSPILUS,SPOTTAIL TONGUEFISH,827
SYNAGROPS BELLUS,BLACKMOUTH BASS,114
SYNAGROPS SPINOSUS,KEELCHEEK BASS,137
SYNGNATHIDAE,PIPEFISH SEAHORSE UNCL,421
SYNGNATHUS FLORIDAE,DUSKY PIPEFISH,494
SYNGNATHUS FUSCUS,NORTHERN PIPEFISH,116
SYNGNATHUS LOUISIANAE,CHAIN PIPEFISH,495
SYNGNATHUS SPRINGERI,BULL PIPEFISH,496
SYNODONTIDAE,LIZARDFISH UNCL,852
SYNODUS FOETENS,INSHORE LIZARDFISH,435
SYNODUS INTERMEDIUS,SAND DIVER,436
SYNODUS POEYI,OFFSHORE LIZARDFISH,437
SYNODUS SYNODUS,RED LIZARDFISH,438
TARATICHTHYS LONGIPINNIS,BIGSCALE POMFRET,130
TAUTOGA ONITIS,TAUTOG,177
TAUTOGOLABRUS ADSPERSUS,CUNNER,176
TETRAODONTIDAE,PUFFER UNCL,861
TETRAPTURUS ALBIDUS,WHITE MARLIN,708
TETRAPTURUS ANGUSTIROSTRIS,SHORTBILL SPEARFISH,941
TETRAPTURUS AUDAX,STRIPED MARLIN,942
TETRAPTURUS PFLUEGERI,LONGBILL SPEARFISH,943
THRACIA SP,DUCK-BILL SHELL UNCL,405
THUNNUS ALALUNGA,ALBACORE,703
THUNNUS ALBACARES,YELLOWFIN TUNA,704
THUNNUS ATLANTICUS,BLACKFIN TUNA,705
THUNNUS OBESUS,BIGEYE TUNA,706
THUNNUS THYNNUS,BLUEFIN TUNA,747
TORPEDO NOBILIANA,ATLANTIC TORPEDO,021
TRACHINOCEPHALUS MYOPS,SNAKEFISH,439
TRACHINOTUS CAROLINUS,FLORIDA POMPANO,579
TRACHINOTUS FALCATUS,PERMIT,580
TRACHINOTUS GOODEI,PALOMETA,581
TRACHURUS LATHAMI,ROUGH SCAD,212
TRACHYSCORPIA CRISTULATA,ATLANTIC THORNYHEAD,885
TRASH SPECIES IN CATCH,TRASH,998
TRIAKIS SEMIFASCIATA,LEOPARD SHARK,936
TRICHIURIDAE,SNAKE MACKEREL UNCL,822
TRICHIURUS LEPTURUS,ATLANTIC CUTLASSFISH,126
TRIGLIDAE,SEAROBIN UNCL,174
TRIGLOPS MURRAYI,MOUSTACHE SCULPIN,161
TRINECTES MACULATUS,HOGCHOKER,118
TURSIOPS TRUNCATUS,BOTTLENOS DOLPHIN,965
TYLOSURUS CROCODILUS,HOUNDFISH,215
ULVARIA SUBBIFURCATA,RADIATED SHANNY,184
UNIDENTIFIED FISH,UNCLASSIFIED FISH,000
UNKNOWN 01,UNKNOWN 01,978
UNKNOWN 02,UNKNOWN 02,979
UNKNOWN 03,UNKNOWN 03,980
UNKNOWN 04,UNKNOWN 04,981
UNKNOWN 05,UNKNOWN 05,982
UNKNOWN 06,UNKNOWN 06,983
UNKNOWN 07,UNKNOWN 07,984
UNKNOWN 08,UNKNOWN 08,985
UNKNOWN 09,UNKNOWN 09,986
UNKNOWN 10,UNKNOWN 10,987
UNKNOWN 11,UNKNOWN 11,988
UNKNOWN 12,UNKNOWN 12,989
UNKNOWN 13,UNKNOWN 13,990
UNKNOWN 14,UNKNOWN 14,991
UNKNOWN 15,UNKNOWN 15,992
UNKNOWN 16,UNKNOWN 16,993
UNKNOWN 17,UNKNOWN 17,994
UNKNOWN 18,UNKNOWN 18,995
UNKNOWN 19,UNKNOWN 19,996
UNKNOWN 20,UNKNOWN 20,997
UPENEUS PARVUS,DWARF GOATFISH,657
URANOSCOPIDAE,STARGAZER UNCL,857
URASPIS SECUNDA,COTTONMOUTH JACK,898
UROLOPHUS JAMAICENSIS,YELLOW STINGRAY,377
UROPHYCIS CHESTERI,LONGFIN HAKE,079
UROPHYCIS CHUSS,RED HAKE,077
UROPHYCIS EARLLI,CAROLINA HAKE,454
UROPHYCIS FLORIDANA,SOUTHERN HAKE,455
UROPHYCIS REGIA,SPOTTED HAKE,078
UROPHYCIS SP,LING UNCL,087
UROPHYCIS TENUIS,WHITE HAKE,076
VINCIGUERRIA ATTENUATA,SLENDER LIGHTFISH,244
VINCIGUERRIA SP,,236
XENOCEPHALUS EGREGIUS,FRECKLED STARGAZER,725
XENODERMICHTHYS COPEI,BLUNTNOSE SMOOTHHEAD,243
XENOLEPIDICHTHYS DALGLEISHI,SPOTTED TINSELFISH,617
XIPHIAS GLADIUS,SWORDFISH,700
YARELLA BLACKFORDI,,281
ZENOPSIS CONCHIFERA,BUCKLER DORY,112
ZOARCIDAE,EELPOUT UNCL,267
